<?xml version="1.0" encoding="UTF-8"?>
<!DOCTYPE module PUBLIC "-//Puppy Crawl//DTD Check Configuration 1.3//EN" "http://www.puppycrawl.com/dtds/configuration_1_3.dtd">

<module name="Checker">
    <module name="SuppressionCommentFilter">
        <property name="offCommentFormat" value="CSOFF\: ([\w\|]+)"/>
        <property name="onCommentFormat" value="CSON\: ([\w\|]+)"/>
        <property name="checkFormat" value="$1"/>
    </module>
    <module name="TreeWalker">
        <module name="FileContentsHolder"/>
        <module name="ConstantName"/>
        <module name="LocalFinalVariableName"/>
        <module name="LocalVariableName"/>
        <module name="MemberName"/>
        <module name="MethodName"/>
        <module name="PackageName"/>
        <module name="ParameterName"/>
        <module name="StaticVariableName"/>
        <module name="TypeName"/>
        <module name="AvoidStarImport"/>
        <module name="IllegalImport"/>
        <module name="RedundantImport"/>
        <module name="UnusedImports"/>
        <module name="MethodLength"/>
        <module name="ParameterNumber">
            <property name="max" value="9"/>
        </module>
        <module name="EmptyForIteratorPad"/>
        <module name="GenericWhitespace"/>
        <module name="MethodParamPad"/>
        <module name="NoWhitespaceAfter"/>
        <module name="NoWhitespaceBefore"/>
        <module name="OperatorWrap">
            <property name="tokens" value="BAND, BOR, BSR, BXOR, COLON, DIV, EQUAL, GE, GT, LE, LITERAL_INSTANCEOF, LT, MINUS, MOD, NOT_EQUAL, QUESTION, SL, SR, STAR"/>
        </module>
        <module name="ParenPad"/>
        <module name="TypecastParenPad"/>
        <module name="ModifierOrder"/>
        <module name="RedundantModifier"/>
        <module name="AvoidNestedBlocks"/>
        <module name="EmptyBlock">
            <property name="tokens" value="LITERAL_DO, LITERAL_ELSE, LITERAL_FINALLY, LITERAL_IF, LITERAL_FOR, LITERAL_TRY, LITERAL_WHILE, INSTANCE_INIT, STATIC_INIT"/>
        </module>
        <module name="LeftCurly"/>
        <module name="NeedBraces"/>
        <module name="RightCurly"/>
        <module name="EmptyStatement"/>
        <module name="HiddenField">
            <property name="ignoreConstructorParameter" value="true"/>
            <property name="ignoreSetter" value="true"/>
        </module>
        <module name="IllegalInstantiation"/>
        <module name="InnerAssignment"/>
        <module name="MagicNumber">
            <property name="ignoreHashCodeMethod" value="true"/>
            <property name="ignoreAnnotation" value="true"/>
        </module>
        <module name="MissingSwitchDefault"/>
        <module name="SimplifyBooleanExpression"/>
        <module name="SimplifyBooleanReturn"/>
        <module name="VisibilityModifier">
            <property name="protectedAllowed" value="true"/>
        </module>
        <module name="ArrayTypeStyle"/>
        <module name="TodoComment"/>
        <module name="UpperEll"/>
    </module>
    <module name="Translation"/>
    <module name="FileLength">
        <property name="fileExtensions" value="java,js,jsp,html,vm"/>
    </module>
</module>
